<?xml version="1.0" encoding="UTF-8"?>
<project-private xmlns="http://www.netbeans.org/ns/project-private/1">
    <editor-bookmarks xmlns="http://www.netbeans.org/ns/editor-bookmarks/2" lastBookmarkId="0"/>
    <open-files xmlns="http://www.netbeans.org/ns/projectui-open-files/2">
        <group>
            <file>file:/D:/NetBeansProjects/SmartLibraryManager/src/smartlibrarymanager/MainApp.java</file>
            <file>file:/D:/NetBeansProjects/SmartLibraryManager/src/smartlibrarymanager/BooksController.java</file>
            <file>file:/D:/NetBeansProjects/SmartLibraryManager/src/smartlibrarymanager/MembersController.java</file>
            <file>file:/D:/NetBeansProjects/SmartLibraryManager/src/smartlibrarymanager/BorrowingController.java</file>
            <file>file:/D:/NetBeansProjects/SmartLibraryManager/src/smartlibrarymanager/FileHandler.java</file>
        </group>
    </open-files>
</project-private>
